ARGUMENTS	VALUES	GROUPS
data	Report_DSha18_Dups_Relabeled.csv	fct.call.args
strata	Davenport_Dart__Report_DSha18_Dups_Relabeled__dartR_RADIATOR_STRATA_v1.txt	fct.call.args
filename	NULL	fct.call.args
tidy.dart	FALSE	fct.call.args
verbose	FALSE	fct.call.args
parallel.core	7	fct.call.args
gt	FALSE	default...
gt.bin	FALSE	default...
gt.vcf	FALSE	default...
gt.vcf.nuc	FALSE	default...
internal	FALSE	default...
missing.memory	NULL	default...
path.folder	NULL	default...
pop.levels	NULL	default...
tidy.check	NULL	default...
whitelist.markers	NULL	default...
